{"tissue_hires_scalef": 0.20401917, "tissue_lowres_scalef": 0.061205752, "fiducial_diameter_fullres": 121.95494310088604, "spot_diameter_fullres": 75.49591715769137}