{"tissue_hires_scalef": 0.20374899, "tissue_lowres_scalef": 0.061124694, "fiducial_diameter_fullres": 121.98416025244873, "spot_diameter_fullres": 75.5140039658016}