{"tissue_hires_scalef": 0.20372823, "tissue_lowres_scalef": 0.06111847, "fiducial_diameter_fullres": 121.94561461496126, "spot_diameter_fullres": 75.4901423806903}