{"tissue_hires_scalef": 0.2065689, "tissue_lowres_scalef": 0.061970666, "fiducial_diameter_fullres": 121.96251324118256, "spot_diameter_fullres": 75.50060343501778}