{"tissue_hires_scalef": 0.20691082, "tissue_lowres_scalef": 0.062073246, "fiducial_diameter_fullres": 121.9447518227094, "spot_diameter_fullres": 75.48960827120106}