{"tissue_hires_scalef": 0.20360379, "tissue_lowres_scalef": 0.061081138, "fiducial_diameter_fullres": 122.04175241813252, "spot_diameter_fullres": 75.54965625884394}