{"tissue_hires_scalef": 0.20366599, "tissue_lowres_scalef": 0.061099797, "fiducial_diameter_fullres": 122.01869007685092, "spot_diameter_fullres": 75.5353795713839}